id,city,country,latitude,longitude
1,Adelaide,AU,-34.9274,138.6
2,Akalan,TR,37.3685,29.3489
3,Aarhus,DK,56.1564,10.2097
4,"Aarhus N",DK,56.1564,10.2097
5,Albacete,ES,38.9956,-1.85583
6,Aberdeen,GB,57.15,-2.1
7,Abbotsford,AU,-37.803,145.002
8,"Alcala de Henares",ES,40.4818,-3.3643
9,Akron,US,41.0831,-81.5185
10,Albuquerque,US,35.0841,-106.651
11,Adana,TR,37,35.325
12,Almeria,ES,36.8333,-2.45
13,"Alcala de Guadaira",ES,37.3333,-5.85
14,Almada,PT,38.6667,-9.15
15,Amora,PT,38.6154,-9.12911
16,Amersfoort,NL,52.15,5.38
17,Dallas,US,32.7763,-96.7969
18,Alicante,ES,38.3453,-0.48306
19,Cordova,ES,34.6087,-117.188
20,Alvsjo,SE,59.275,18.0042
21,Kastamonu,TR,41.3833,33.7833
22,"Glen Iris",AU,-37.856,145.059
23,Franca,BR,-20.5382,-47.401
24,Ilford,GB,51.5588,0.08546
25,Groningen,NL,53.2167,6.5667
26,Gardur,IS,64.0652,-22.6397
27,Marilia,BR,-22.2171,-49.9501
28,Isparta,TR,37.7667,30.55
29,Hasselt,BE,50.9305,5.3385
30,Homebush,AU,-33.8641,151.082
31,Girona,ES,41.9833,2.81667
32,"Los Angeles",US,34.0544,-118.244
33,Karabük,TR,41.2,32.6333
34,Barcelos,PT,41.5333,-8.61667
35,Laugarvatn,IS,64.2155,-20.7309
36,Blonduos,IS,65.6667,-20.3
37,Cambridge,US,42.3751,-71.1056
38,Cacem,PT,38.7667,-9.3
39,Carlton,AU,-37.8001,144.967
40,Detroit,US,42.3487,-83.0567
41,Egilsstaoir,IS,65.2626,-14.4144
42,Gines,ES,37.3875,-6.07799
43,Helsingborg,SE,56.05,12.7
44,Guadalajara,MX,20.6661,-103.352
45,Jacksonville,US,30.3322,-81.6557
46,"Braganca Paulista",BR,-22.952,-46.5419
47,Denton,US,33.215,-97.1331
48,Maspalomas,ES,27.7369,-15.5994
49,Belfast,GB,54.5967,-5.93833
50,Burbank,US,34.1816,-118.326
51,Carnaxide,PT,38.7267,-9.24167
52,Coimbra,PT,40.2255,-8.45229
53,Ashburn,US,39.0437,-77.4875
54,Brasilia,BR,-15.7934,-47.8823
55,Armilla,ES,37.1428,-3.62778
56,Corona,US,33.8753,-117.566
57,"Juiz de Fora",BR,-21.761,-43.3501
58,Durham,GB,54.7833,-1.56667
59,Bandhagen,SE,59.27,18.0494
60,"Chula Vista",US,32.6401,-117.084
61,Lyon,FR,45.7589,4.84139
62,"Jerez de la Frontera",ES,36.7,-6.11667
63,Halmstad,SE,56.6667,12.85
64,Cologne,DE,50.9422,6.95778
65,Mannheim,DE,49.4836,8.46306
66,Bordeaux,FR,44.8378,-0.57944
67,Madison,US,43.0748,-89.3838
68,"Ciudad Real",ES,38.9833,-3.91667
69,Mumbai,IN,18.9667,72.8333
70,"Montes Claros",BR,-16.7274,-43.8718
71,Eugene,US,44.0505,-123.095
72,"El Arahal",ES,37.2625,-5.54528
73,"A Coruna",ES,43.3667,-8.38333
74,"Caldas da Rainha",PT,39.4,-9.13333
75,Bengaluru,IN,12.9699,77.598
76,Manchester,GB,53.4667,-2.23333
77,"Mem Martins",PT,38.7994,-9.32639
78,Bern,CH,46.9508,7.43861
79,Knoxville,US,35.9604,-83.921
80,Mossoro,BR,-5.1904,-37.3444
81,Bursa,TR,40.1833,29.0667
82,Helmond,NL,51.4833,5.65
83,"Ciudad Lopez Mateos",MX,19.5611,-99.2469
84,Lima,PE,-12,-76.8333
85,Kitchener,CA,43.4517,-80.4925
86,Monterrey,MX,25.6714,-100.309
87,Madrid,ES,40.4189,-3.69194
88,Liege,BE,50.6453,5.57568
89,Karlsruhe,DE,49.0139,8.40417
90,Montijo,PT,38.7058,-8.97472
91,Manila,PH,14.5833,121
92,Brisbane,AU,-27.469,153.023
93,Boston,US,42.3605,-71.0596
94,Cincinnati,US,39.1015,-84.5125
95,Carlsbad,US,33.1581,-117.351
96,Antakya,TR,36.3795,36.2319
97,Bangkok,TH,13.75,100.517
98,Montreal,CA,45.5088,-73.554
99,Brescia,IT,45.5389,10.2203
100,Dubai,AE,25.198,55.2791
101,Decatur,US,33.7738,-84.2961
102,Evora,PT,38.5715,-7.912
103,Calgary,CA,51.0531,-114.063
104,Eskifjordur,IS,65.0327,-14.218
105,Espoo,FI,60.21,24.66
106,Denizli,TR,37.7731,29.0878
107,Alges,PT,38.6995,-9.22927
108,Flúoir,IS,64.1362,-20.3266
109,Hawthorn,AU,-37.826,145.034
110,Alcorcon,ES,40.35,-3.83333
111,Garoabaer,IS,64.0833,-22
112,Barrie,CA,44.3787,-79.7031
113,"Jersey City",US,40.7282,-74.0776
114,Charlotte,US,35.2271,-80.8431
115,Cartagena,ES,37.6,-0.98194
116,"Campo Grande",BR,-20.464,-54.6163
117,Hanoi,VN,21,105.75
118,Huddinge,SE,59.2333,17.9833
119,Indianapolis,US,39.7683,-86.1584
120,Cairns,AU,-16.9205,145.772
121,Jundiai,BR,-23.1882,-46.8838
122,Midlothian,US,37.5063,-77.6493
123,Maceio,BR,-9.6477,-35.7339
124,Carson,US,33.8322,-118.252
125,Cleveland,US,41.5052,-81.6934
126,Central,HK,22.282,114.157
127,Mesa,US,33.4153,-111.831
128,Londrina,BR,-23.3113,-51.1595
129,"Joao Pessoa",BR,-7.1216,-34.882
130,Lorena,BR,-22.7368,-45.1071
131,Chicago,US,41.8756,-87.6244
132,Milwaukee,US,43.0115,-87.9735
133,Christchurch,NZ,-43.53,172.62
134,"Matosinhos Municipality",PT,41.1833,-8.7
135,Johannesburg,ZA,-26.1633,28.0328
136,"Las Vegas",US,36.1663,-115.149
137,Kalmar,SE,56.6667,16.3667
138,"Kuala Lumpur",MY,3.15972,101.7
139,Memphis,US,35.149,-90.0516
140,Logrono,ES,42.47,-2.44556
141,Marseille,FR,43.2967,5.37639
142,Laugar,IS,65.7219,-17.365
143,Malvern,AU,-37.857,145.036
144,Kungsbacka,SE,57.4875,12.0764
145,Mijas,ES,36.5956,-4.63722
146,Kosekoy,TR,40.7487,30.0068
147,Linkoping,SE,58.4083,15.625
148,Bratislava,SK,48.1447,17.1128
149,Cardiff,GB,51.48,-3.18
150,Minneapolis,US,44.9773,-93.2655
151,Middlesbrough,GB,54.5739,-1.23333
152,Liverpool,GB,53.4167,-3
153,Lund,SE,55.7,13.2
154,Jakarta,ID,-6.16667,106.8
155,"Castle Hill",AU,-33.7293,151.004
156,"Cape Town",ZA,-33.9351,18.4289
157,"Ann Arbor",US,42.2682,-83.7312
158,Aveiro,PT,40.6389,-8.65528
159,"Fort Worth",US,32.7532,-97.3327
160,Bandung,ID,-6.95,107.567
161,Amsterdam,NL,52.378,4.9
162,Blumenau,BR,-26.9196,-49.0658
163,Austin,US,30.2711,-97.7437
164,Anderlecht,BE,50.8362,4.3145
165,Bogota,CO,4.59889,-74.0808
166,Birmingham,US,33.5207,-86.8024
167,Arlington,US,32.7356,-97.1071
168,Bloomington,US,39.167,-86.5343
169,Allen,US,33.1032,-96.6706
170,Arona,ES,28.0996,-16.6809
171,Aydin,TR,37.8481,27.8453
172,Bilbao,ES,43.2622,-2.95333
173,Baltimore,US,39.2909,-76.6108
174,Armadale,AU,-37.857,145.021
175,Auburn,AU,-33.8656,151.024
176,Asheville,US,35.6009,-82.554
177,Badalona,ES,41.4333,2.23333
178,Boras,SE,57.7167,12.9333
179,Braga,PT,41.5532,-8.4183
180,Athens,GR,38,23.7167
181,Bergen,NO,60.3925,5.32333
182,Barcelona,ES,41.3825,2.17694
183,Brantford,CA,43.1394,-80.2636
184,"Campina Grande",BR,-7.2247,-35.8771
185,Bauru,BR,-22.3218,-49.0706
186,Fuengirola,ES,36.5417,-4.625
187,Araraquara,BR,-21.7887,-48.1773
188,Bournemouth,GB,50.72,-1.88
189,Milan,IT,45.4642,9.19034
190,Bolton,GB,53.5833,-2.43333
191,"Long Beach",US,33.7775,-118.188
192,Mataro,ES,41.5333,2.45
193,Doncaster,GB,53.516,-1.133
194,Lausanne,CH,46.5333,6.63333
195,London,GB,51.5072,-0.1275
196,Lulea,SE,65.6,22.15
197,Antwerp,BE,51.2206,4.3997
198,"Fort Lauderdale",US,26.1223,-80.1434
199,Barnsley,GB,53.5536,-1.47889
200,Camberwell,AU,-37.835,145.071
201,Carrollton,US,33.001,-96.8922
202,"Belo Horizonte",BR,-19.9227,-43.9451
203,Arsta,SE,59.2953,18.0544
204,Buffalo,US,42.9333,-78.877
205,Gijon,ES,43.5333,-5.7
206,Blackwood,GB,51.67,-3.19
207,Badajoz,ES,38.88,-6.97
208,Bronshoj,DK,55.7042,12.4982
209,Alingsas,SE,57.9303,12.5331
210,Eindhoven,NL,51.4344,5.48417
211,Borlange,SE,60.4856,15.4363
212,Aurora,US,39.7294,-104.832
213,Contagem,BR,-19.9133,-44.0841
214,Ashburton,AU,-37.8669,145.083
215,Amadora,PT,38.75,-9.23333
216,"Cedar Park",US,30.5052,-97.8203
217,Fontana,US,34.0922,-117.435
218,Fuenlabrada,ES,40.2833,-3.8
219,"Alvaro Obregon",MX,19.3532,-99.2179
220,Concord,AU,-33.8599,151.102
221,"Brunswick east",AU,-37.776,144.974
222,Durham,US,35.994,-78.8986
223,Birmingham,GB,52.4833,-1.9
224,"Chang hua",TW,24.7586,120.953
225,Belem,BR,-1.4506,-48.4682
226,Americana,BR,-22.7392,-47.3314
227,"Caloocan City",PH,14.7486,121.055
228,Gainesville,US,29.6519,-82.3248
229,Dublin,IE,53.3425,-6.26583
230,Burnaby,CA,49.2433,-122.973
231,"Dock Sud",AR,-34.6508,-58.353
232,Edirne,TR,41.6781,26.5594
233,"Des Moines",US,41.5911,-93.6037
234,"Feira de Santana",BR,-12.2579,-38.9598
235,Cuiaba,BR,-15.5987,-56.0991
236,"Bentleigh east",AU,-37.921,145.067
237,Ecatepec,MX,19.6048,-99.0268
238,Chennai,IN,13.09,80.27
239,Bremen,DE,53.0769,8.80889
240,Aracaju,BR,-10.9162,-37.0775
241,Elwood,AU,-37.884,144.986
242,Dortmund,DE,51.5139,7.46528
243,Espinho,PT,41,-8.63333
244,Cork,IE,51.9,-8.47306
245,"Cagayan de Oro",PH,8.48333,124.65
246,Deventer,NL,52.25,6.15
247,Bexley,AU,-33.9568,151.126
248,"Almere Stad",NL,52.3697,5.20247
249,"Dos Hermanas",ES,37.2836,-5.92222
250,Coburg,AU,-37.7438,144.964
251,"Chiclana de la Frontera",ES,36.4167,-6.15
252,"Albany Creek",AU,-27.3469,152.968
253,"Balwyn North",AU,-37.7936,145.086
254,Erzurum,TR,39.9097,41.2756
255,Blainville,CA,45.6796,-73.8742
256,Exeter,GB,50.7215,-3.53311
257,Bentonville,US,36.3729,-94.2088
258,Elda,ES,38.4731,-0.7975
259,Anaheim,US,33.8348,-117.912
260,"Federal Way",US,47.3135,-122.339
261,Elche,ES,38.2669,-0.69833
262,Bologna,IT,44.4939,11.3428
263,Brussels,BE,50.8467,4.3547
264,Barreiro,PT,38.6642,-9.07667
265,Auckland,NZ,-36.85,174.783
266,Hamburg,DE,53.55,10
267,"Cebu City",PH,10.3098,123.893
268,Cordoba,AR,-31.4167,-64.1833
269,Canoas,BR,-29.9183,-51.1779
270,Hella,IS,65.6554,-16.9656
271,"Alverca do Ribatejo",PT,38.8987,-9.03948
272,Essen,DE,51.4581,7.01476
273,Bucharest,RO,44.4,26.0833
274,"Baulkham Hills",AU,-33.7629,150.992
275,Dayton,US,39.7589,-84.1916
276,Ankara,TR,39.8667,32.8667
277,Forestville,AU,-33.7613,151.211
278,"Grand Prairie",US,32.746,-96.9978
279,Hellissandur,IS,64.9157,-23.8818
280,Brighton,GB,50.8242,-0.13389
281,"Davao City",PH,7.06667,125.6
282,Curitiba,BR,-25.4296,-49.2712
283,Atlanta,US,33.7491,-84.3902
284,Istanbul,TR,41.01,28.9603
285,Fortaleza,BR,-3.7305,-38.5218
286,Itajai,BR,-26.9118,-48.667
287,Melbourne,AU,-37.8142,144.963
288,Lidkoeping,SE,58.5,13.1833
289,Leichhardt,AU,-33.8847,151.157
290,Mississauga,CA,43.5893,-79.6442
291,Burgos,ES,42.3408,-3.69972
292,Mostoles,ES,40.3333,-3.86667
293,Manaus,BR,-3.1329,-59.9865
294,Moelndal,SE,57.6542,12.0139
295,Bromma,SE,59.3389,17.9389
296,Elsternwick,AU,-37.887,145.006
297,Cambridge,GB,52.2081,0.1225
298,Marbella,ES,36.5114,-4.88344
299,Cadiz,ES,36.5167,-6.28333
300,Dalvik,IS,60.4769,15.6813
301,"Las Palmas de Gran Canaria",ES,28.1272,-15.4314
302,Medellin,CO,6.24475,-75.5748
303,Falun,SE,60.55,15.6167
304,"Aarhus C",DK,56.1564,10.2097
305,Dunfermline,GB,56.0714,-3.46167
306,Coventry,GB,52.4167,-1.51667
307,"Milton Keynes",GB,52.0333,-0.76667
308,Derby,GB,52.9167,-1.46667
309,"El Puerto de Santa Maria",ES,36.6015,-6.23815
310,Hsinchu,TW,24.8047,120.971
311,Haarlem,NL,52.3803,4.64056
312,Cypress,US,29.9691,-95.6972
313,Florianopolis,BR,-27.5973,-48.5496
314,Athens,US,33.9596,-83.3767
315,Alcobendas,ES,40.5333,-3.63333
316,Maia,PT,41.2328,-8.62167
317,"Mairena del Aljarafe",ES,37.3444,-6.06528
318,"Balneario Camboriú",BR,-26.9924,-48.634
319,Dusseldorf,DE,51.2167,6.81667
320,"Frankfurt am Main",DE,50.1136,8.67972
321,Gavle,SE,60.6833,17.1667
322,"Guatemala City",GT,14.6228,-90.5314
323,Dresden,DE,51.05,13.75
324,Bentleigh,AU,-37.922,145.036
325,Campinas,BR,-22.9056,-47.0608
326,Hayward,US,37.6688,-122.081
327,Leon,MX,21.0966,-101.531
328,Mainz,DE,50,8.26667
329,Blacktown,AU,-33.771,150.906
330,Keflavik,IS,65.7352,-19.4849
331,London,CA,42.9881,-81.246
332,Leiria,PT,39.7431,-8.80694
333,"East Malvern",AU,-37.8769,145.069
334,Geelong,AU,-38.1493,144.36
335,Cairo,EG,30.0561,31.2394
336,Kayseri,TR,38.7333,35.4833
337,Laval,CA,45.6299,-73.7168
338,Elkridge,US,39.2128,-76.7137
339,Antalya,TR,36.9,30.6833
340,Izmir,TR,38.4333,27.15
341,Lavras,BR,-21.2425,-44.9992
342,Kortrijk,BE,50.8333,3.26667
343,Glasgow,GB,55.87,-4.27
344,Leeds,GB,53.7997,-1.54917
345,"Grand Rapids",US,42.9632,-85.6679
346,Giresun,TR,40.9,38.4167
347,Brunswick,AU,-37.7667,144.963
348,Lisbon,PT,38.7167,-9.16667
349,Kew,AU,-37.8053,145.036
350,Limerick,IE,52.6653,-8.6238
351,Freiburg,DE,47.9818,7.89635
352,Hobart,AU,-42.8825,147.328
353,Karlstad,SE,59.3833,13.5333
354,Hvolsvollur,IS,63.9799,-22.5969
355,Cascais,PT,38.6969,-9.42056
356,Budapest,HU,47.4983,19.0408
357,"Fort Collins",US,40.5509,-105.067
358,Eastleigh,GB,50.9667,-1.35
359,Joinville,BR,-26.3045,-48.8487
360,Gillingham,GB,51.39,0.54
361,Guelph,CA,43.5462,-80.2471
362,Barueri,BR,-23.5112,-46.8765
363,Hafnarfjordur,IS,64.0667,-21.95
364,Berlin,DE,52.5167,13.3833
365,Midland,US,31.8369,-102.01
366,Helsinki,FI,60.1733,24.9486
367,"Enskede Arsta Vantoer",SE,59.2819,18.0875
368,Huddersfield,GB,53.645,-1.77972
369,Goiania,BR,-16.6809,-49.2533
370,Halifax,CA,44.6484,-63.575
371,Columbus,US,39.9623,-83.0007
372,"Glostrup Municipality",DK,55.6628,12.3972
373,Bath,GB,51.3814,-2.35861
374,Brampton,CA,43.7146,-79.7524
375,"Farsta strand",SE,59.2403,18.0972
376,Bradford,GB,53.794,-1.751
377,Edinburgh,GB,55.95,-3.19889
378,Enschede,NL,52.2236,6.89556
379,Denver,US,39.7348,-104.965
380,"Brighton east",AU,-37.916,145.015
381,Edmonton,CA,53.5344,-113.507
382,Husavik,IS,61.8091,-6.68064
383,Guaratingueta,BR,-22.8058,-45.1909
384,Akranes,IS,64.3167,-22.1
385,Irvine,US,33.6857,-117.826
386,"Garden Grove",US,33.7746,-117.946
387,Faro,PT,37.0167,-7.93333
388,Buoardalur,IS,65.108,-21.763
389,Brooklyn,US,40.6501,-73.9496
390,"Gustavo Adolfo Madero",MX,22.3266,-97.8774
391,Bristol,GB,51.45,-2.58333
392,Louisville,US,38.2542,-85.7594
393,Heidelberg,DE,49.4122,8.71
394,Dundee,GB,56.464,-2.97
395,Hamilton,CA,43.2547,-79.8678
396,Frederiksberg,DK,55.6775,12.5364
397,"Gold Coast",AU,-28.0024,153.415
398,Akureyri,IS,65.6833,-18.1
399,Hengelo,NL,52.2656,6.79306
400,Gothenburg,SE,57.7069,11.9667
401,Getafe,ES,40.3,-3.71667
402,Covilha,PT,40.2833,-7.51667
403,Funchal,PT,32.65,-16.9167
404,Garland,US,32.9126,-96.6389
405,Gondomar,PT,41.15,-8.53333
406,"Cabo Frio",BR,-22.8804,-42.0189
407,"Ixelles elsene",BE,50.8206,4.38795
408,Guarulhos,BR,-23.4431,-46.5245
409,Jaen,ES,37.7697,-3.78889
410,"Marinha Grande",PT,39.75,-8.93333
411,Ghent,BE,51.05,3.71667
412,Ipswich,GB,52.0594,1.15556
413,Canberra,AU,-35.2819,149.129
414,Hveragerdi,IS,64,-21.2
415,Hull,GB,53.7443,-0.3325
416,Iztapalapa,MX,19.3532,-99.0534
417,Leuven,BE,50.8667,4.7
418,Hughesdale,AU,-37.894,145.085
419,Honolulu,US,21.3045,-157.856
420,Kellyville,AU,-33.7105,150.951
421,Kristianstad,SE,56.0333,14.15
422,"Mexico City",MX,19.4194,-99.1456
423,Leon,ES,42.5989,-5.56694
424,Malmo,SE,55.6056,13
425,Kyoto,JP,35.0124,135.782
426,Katowice,PL,50.25,19
427,Merrylands,AU,-33.8374,150.992
428,Johanneshov,SE,59.2958,18.0833
429,Jonkoping,SE,57.7828,14.1606
430,"La Paz",BO,-16.4942,-68.1475
431,Karlskrona,SE,56.2481,15.7116
432,"Magnesia ad Sipylum",TR,37.7639,38.2778
433,Montevideo,UY,-34.8669,-56.1667
434,Kungalv,SE,57.8722,11.9792
435,"Makati City",PH,14.5623,121.015
436,Lubbock,US,33.5779,-101.855
437,Leganes,ES,40.3283,-3.7654
438,Leipzig,DE,51.3333,12.3833
439,Lidingoe,SE,59.3664,18.1356
440,Krakow,PL,50.0667,19.95
441,"Kaohsiung City",TW,22.6167,120.3
442,Mechelen,BE,51.0167,4.46667
443,Maringa,BR,-23.4251,-51.9383
444,Leicester,GB,52.6333,-1.13333
445,Katy,US,29.7858,-95.8244
446,Miami,US,25.7743,-80.1937
447,Marrickville,AU,-33.905,151.155
448,Konya,TR,37.8667,32.4833
449,Mersin,TR,36.8,34.6167
450,Launceston,AU,-41.4341,147.137
451,Mugla,TR,37.2167,28.3667
452,Kolkata,IN,22.5411,88.3378
453,Kopavogur,IS,64.1167,-21.7667
454,Murcia,ES,37.9861,-1.13028
455,Munich,DE,48.1333,11.5667
456,Murfreesboro,US,35.846,-86.392
457,Nashville,US,36.1622,-86.7744
458,Newark,US,40.7357,-74.1724
459,"New Braunfels",US,29.7026,-98.1256
460,Merida,MX,20.97,-89.62
461,Newtown,AU,-33.897,151.179
462,Norrkoping,SE,58.6,16.2
463,Northcote,AU,-37.7722,144.999
464,Newcastle,AU,-32.9273,151.781
465,Olympia,US,47.045,-122.895
466,Nantes,FR,47.2172,-1.55389
467,Ottawa,CA,45.421,-75.69
468,Odivelas,PT,38.8,-9.18333
469,Oeiras,PT,38.7,-9.31667
470,"North Vancouver",CA,49.3266,-122.971
471,Olinda,BR,-7.9986,-34.846
472,Niteroi,BR,-22.8832,-43.1155
473,Nottingham,GB,52.955,-1.14917
474,"Novo Hamburgo",BR,-29.6906,-51.1429
475,Ordu,TR,40.97,37.91
476,"Newark on Trent",GB,53.0765,-0.81
477,Nykoping,SE,58.75,17.0167
478,Odense,DK,55.4,10.3833
479,Northampton,GB,52.2333,-0.9
480,Oedemis,TR,38.23,27.98
481,Oslo,NO,59.8551,10.8145
482,Ontario,US,34.0658,-117.648
483,Orlando,US,28.5421,-81.379
484,Oxford,GB,51.7519,-1.25778
485,Nijmegen,NL,51.8333,5.85
486,Norwich,GB,52.6281,1.29917
487,"New Orleans",US,29.9499,-90.0701
488,Osaka,JP,34.6918,135.492
489,Natal,BR,-5.8054,-35.2081
490,Nuremberg,DE,49.4528,11.0778
491,Oviedo,ES,43.3634,-5.8423
492,"Overland Park",US,38.9822,-94.6708
493,Oakland,US,37.8045,-122.271
494,"Nova Friburgo",BR,-22.28,-42.5325
495,Oldham,GB,53.5447,-2.11833
496,Njardvik,IS,65.5749,-13.8926
497,Princeton,US,40.3493,-74.6593
498,Orange,US,33.7873,-117.85
499,"Orihuela Costa",ES,37.9237,-0.745338
500,"North Hollywood",US,34.1729,-118.374
501,Prague,CZ,50.0886,14.4214
502,Omaha,US,41.2587,-95.9379
503,Nacka,SE,59.3091,18.1612
504,Preston,GB,53.7594,-2.69806
505,"Palomares del Rio",ES,37.3222,-6.05778
506,Odessa,US,31.8457,-102.368
507,"Pacos de Ferreira",PT,41.2786,-8.37861
508,Palma,ES,39.5667,2.64972
509,"Porto Alegre",BR,-30.033,-51.2305
510,Padova,IT,45.4064,11.8778
511,"Presidente Prudente",BR,-22.1225,-51.3883
512,Pedralva,BR,-22.243,-45.466
513,"Porto Seguro",BR,-16.4435,-39.0643
514,Prahran,AU,-37.852,144.998
515,"Palm Springs",US,33.8246,-116.54
516,"Newcastle upon Tyne",GB,54.9778,-1.61333
517,"Porto Velho",BR,-8.7495,-63.8735
518,Perth,AU,-31.9527,115.86
519,"Ponta Delgada",PT,37.74,-25.67
520,"Petaling Jaya",MY,3.10667,101.608
521,Poznan,PL,52.4,16.9167
522,Paterna,ES,39.5028,-0.44056
523,Pontevedra,ES,42.4336,-8.6475
524,Paredes,PT,41.1251,-8.28763
525,Pasadena,US,29.6911,-95.2091
526,Pasig,PH,14.575,121.083
527,Malaga,ES,36.7205,-4.41253
528,Münster,DE,51.9667,7.63333
529,Piracicaba,BR,-22.7253,-47.6492
530,"New York City",US,40.7648,-73.9808
531,Naples,IT,40.8333,14.25
532,Ourense,ES,42.3364,-7.86333
533,"Oklahoma City",US,35.473,-97.5171
534,Osasco,BR,-23.5325,-46.7917
535,Isafjordur,IS,66.0738,-23.1156
536,Eskilstuna,SE,59.3667,16.5167
537,Horsens,DK,55.8619,9.85194
538,Hampstead,GB,51.5573,-0.1704
539,Hanover,US,39.1929,-76.7241
540,Feira,PT,40.9297,-8.55222
541,Carnegie,AU,-37.888,145.062
542,Hofn,IS,65.5292,-13.7661
543,Granada,ES,37.1781,-3.60083
544,Guimaraes,PT,41.445,-8.29083
545,Grundarfjordur,IS,64.9215,-23.2146
546,Graz,AT,47.0667,15.4333
547,Drogheda,IE,53.7139,-6.35028
548,Mosfellsbaer,IS,64.1679,-21.6937
549,Enkoeping,SE,59.6333,17.1
550,"Costa Mesa",US,33.6633,-117.903
551,Gaziantep,TR,37.0667,37.3833
552,Grindavik,IS,63.8413,-22.4371
553,Bronderslev,DK,57.2694,9.94722
554,Guayaquil,EC,-2.18333,-79.8833
555,Guarapuava,BR,-25.3951,-51.4622
556,"Kansas City",US,39.0845,-94.563
557,"College Station",US,30.6263,-96.3347
558,Davis,US,38.5454,-121.745
559,Copenhagen,DK,55.6761,12.5689
560,"Caxias do Sul",BR,-29.1685,-51.1794
561,Houston,US,29.7589,-95.3677
562,"Corpus Christi",US,27.8003,-97.3956
563,Colchester,GB,51.8886,0.90361
564,"Buenos Aires",AR,-34.5997,-58.3819
565,Huelva,ES,37.25,-6.95
566,Adeje,ES,28.1167,-16.7167
567,Irving,US,32.814,-96.9489
568,Portimao,PT,37.1333,-8.53333
569,Paris,FR,48.8566,2.35183
570,Pamplona,ES,42.8167,-1.65
571,"Palmerston North",NZ,-40.3549,175.61
572,Plano,US,33.0137,-96.6925
573,Philadelphia,US,40.0115,-75.1327
574,Petropolis,BR,-22.52,-43.1926
575,Parramatta,AU,-33.815,151.001
576,"Queretaro City",MX,20.5881,-100.388
577,Quito,EC,-0.21861,-78.5097
578,"Saltsjoe Boo",SE,59.3167,18.25
579,"Ponta Grossa",BR,-25.0892,-50.1602
580,Riverside,US,33.9534,-117.396
581,Phoenix,US,33.4486,-112.077
582,Richmond,US,37.5385,-77.4343
583,Reading,GB,51.4542,-0.97306
584,Plymouth,GB,50.3714,-4.14222
585,Peterborough,GB,52.5833,-0.25
586,Recife,BR,-8.0642,-34.8782
587,Porto,PT,41.15,-8.6
588,"Povoa de Varzim",PT,41.4167,-8.76667
589,Reykjahlio,IS,64.1342,-21.916
590,Queluz,PT,38.75,-9.25
591,Rochester,US,43.1573,-77.6152
592,Pittsburgh,US,40.4417,-79.9901
593,"Rohnert Park",US,38.3396,-122.701
594,Portland,US,45.5202,-122.674
595,"Rancho Cucamonga",US,34.1033,-117.575
596,Petrolina,BR,-9.3736,-40.5012
597,"Puebla City",MX,19.0514,-98.2178
598,Riga,LV,56.9475,24.1069
599,Riyadh,SA,24.6333,46.7167
600,Richmond,AU,-37.823,144.998
601,Rosario,AR,-32.95,-60.65
602,Sangerdi,IS,41.01,28.9603
603,"San Angelo",US,31.4648,-100.44
604,Roseville,AU,-33.789,151.171
605,Rotterdam,NL,51.95,4.41667
606,Santiago,CL,-33.45,-70.6667
607,Rockingham,AU,-32.2776,115.742
608,Rotherham,GB,53.43,-1.35722
609,Ridgewood,US,40.7081,-73.9142
610,"Sao Vicente",BR,-23.9604,-46.3847
611,Salvador,BR,-12.9822,-38.4813
612,Providence,US,41.824,-71.4128
613,"Santa Ana",US,33.7495,-117.873
614,"Quezon City",PH,14.6333,121.033
615,"San Francisco",US,37.7648,-122.463
616,"Santa Rosa Beach",US,30.396,-86.2288
617,Samsun,TR,41.2867,36.33
618,"Rio Tinto",PT,41.1833,-8.56667
619,Ryde,AU,-33.8153,151.101
620,"San Miguel",PH,15.1458,120.978
621,"Saint Paul",US,44.9504,-93.1015
622,"Quinta Do Conde",PT,38.5611,-9.04722
623,"Salt Lake City",US,40.767,-111.89
624,Salamanca,ES,40.965,-5.66389
625,"San Jose",CR,9.93333,-84.0833
626,"Santa Clarita",US,34.42,-118.54
627,"Santa Cruz de Tenerife",ES,28.4667,-16.25
628,Selfoss,IS,65.8078,-16.3901
629,"Santo Andre",BR,-23.6573,-46.5323
630,Santos,BR,-23.9608,-46.3339
631,"San Bernardino",US,34.1083,-117.29
632,Saskatoon,CA,52.1304,-106.66
633,"Sao Jose do Rio Preto",BR,-20.8126,-49.3804
634,Scarborough,CA,54.2872,-0.389116
635,Setúbal,PT,38.5243,-8.89261
636,"San Juan",PH,14.6,121.033
637,"Rio de Janeiro",BR,-22.911,-43.2094
638,Tallinn,EE,59.4372,24.7454
639,Vogar,IS,63.9814,-22.3822
640,Corum,TR,40.4977,34.8306
641,Tire,TR,38.0833,27.7333
642,Somerville,US,42.3876,-71.0995
643,Tijuana,MX,32.5308,-117.02
644,Wroclaw,PL,51.1077,17.0353
645,Stockholm,SE,59.3294,18.0686
646,"Vila Velha",BR,-20.3409,-40.2922
647,Tokyo,JP,35.6652,139.726
648,Toorak,AU,-37.841,145.018
649,Thessaloniki,GR,40.6333,22.95
650,"Vaestra Froelunda",SE,57.65,11.9167
651,Zapopan,MX,20.7203,-103.392
652,"Sao Bernardo do Campo",BR,-23.6901,-46.563
653,Uddevalla,SE,58.35,11.9167
654,"Vila Real",PT,41.2833,-7.8
655,Thornbury,AU,-37.76,145.007
656,Raleigh,US,35.7804,-78.6391
657,"Ribeirao Preto",BR,-21.1783,-47.8067
658,"Sao Joao da Madeira",PT,40.9,-8.5
659,Puebla,MX,19.0514,-98.2178
660,Santander,ES,43.4667,-3.8
661,Penafiel,PT,41.2069,-8.28556
662,"Santana de Parnaiba",BR,-23.4439,-46.9178
663,"Sanlúcar de Barrameda",ES,36.7789,-6.35389
664,Parkville,AU,-37.788,144.951
665,Rome,IT,41.8931,12.4828
666,Rennes,FR,48.1142,-1.68083
667,Sobrado,PT,41.2016,-8.4605
668,Scottsdale,US,33.5091,-111.899
669,Regina,CA,50.4481,-104.616
670,Schaarbeek,BE,50.8782,4.37926
671,"San Fernando",ES,36.4666,-6.20097
672,"San Diego",US,32.7174,-117.163
673,"Setagaya ku",JP,35.6477,139.648
674,"Santiago de Cali",CO,3.44,-76.5197
675,Quebec,CA,46.8257,-71.2349
676,Seltjarnarnes,IS,64.1542,-22
677,Sollentuna,SE,59.425,17.9417
678,Reykjavik,IS,64.15,-21.8833
679,Sofia,BG,42.7,23.3333
680,"Sao Luis",BR,-2.5319,-44.2933
681,Tilburg,NL,51.57,5.07
682,Tampa,US,27.9478,-82.4584
683,"Van Nuys",US,34.1867,-118.449
684,"Vitoria Gasteiz",ES,42.8467,-2.67306
685,Warsaw,PL,52.2167,21.0333
686,Ventura,US,34.2783,-119.293
687,Tidaholm,SE,58.1833,13.95
688,Vaughan,CA,43.8197,-79.5055
689,Utrecht,NL,52.0889,5.11556
690,Vopnafjordur,IS,65.75,-14.85
691,Uccle,BE,50.8023,4.3394
692,"Sao Jose",BR,-27.5798,-48.6584
693,Tlalnepantla,MX,19.5389,-99.2275
694,Orebro,SE,59.2667,15.2167
695,Tulsa,US,36.1012,-95.9251
696,Ostersund,SE,63.1833,14.6667
697,Warrington,GB,53.3889,-2.59611
698,Yogyakarta,ID,-7.80139,110.364
699,Tlalpan,MX,19.2787,-99.1657
700,Vantaa,FI,60.3,25.0333
701,Yokohama,JP,35.5442,139.601
702,"Sao Paulo",BR,-23.5507,-46.6334
703,Spring,US,38.6373,29.294
704,"St Louis",US,38.63,-90.19
705,Secaucus,US,40.7899,-74.0567
706,Stockport,GB,53.4083,-2.14944
707,Staffanstorp,SE,55.6333,13.2
708,Tacoma,US,47.2496,-122.44
709,"San Antonio",US,29.4246,-98.4951
710,Skovde,SE,58.3833,13.85
711,"Stoke on Trent",GB,53,-2.18333
712,"Santo Domingo este",DO,18.4855,-69.8734
713,Sabadell,ES,41.5483,2.1075
714,Tangerang,ID,-6.17833,106.632
715,Trollhattan,SE,58.2835,12.2858
716,Singapore,SG,1.35162,103.808
717,Sandiacre,GB,52.9252,-1.2945
718,"Vila Nova de Famalicao",PT,41.4167,-8.51667
719,Valladolid,ES,41.652,-4.72856
720,Van,TR,38.5019,43.4167
721,Taby,SE,59.4333,18.0833
722,Toulouse,FR,43.6044,1.44194
723,Sunderland,GB,54.9,-1.38028
724,Tartu,EE,58.3727,26.7238
725,Stuttgart,DE,48.7761,9.1775
726,Townsville,AU,-19.2569,146.824
727,"The Bronx",US,40.8153,-73.8018
728,Sodertalje,SE,59.1833,17.6333
729,"Talavera de la Reina",ES,39.9667,-4.83333
730,Spokane,US,47.6589,-117.425
731,Sorocaba,BR,-23.5017,-47.4581
732,Skelleftea,SE,64.75,20.95
733,Valdemoro,ES,40.1908,-3.67417
734,Syracuse,US,43.0481,-76.1474
735,Seville,ES,37.3833,-5.98333
736,"San Jose",US,37.2751,-121.826
737,Vancouver,CA,49.2609,-123.114
738,Toledo,ES,39.8667,-4.03333
739,Umea,SE,63.8333,20.25
740,"Tainan City",TW,22.9833,120.183
741,"Sao Carlos",BR,-22.0183,-47.8909
742,Reydarfjordur,IS,65.0327,-14.218
743,Stavanger,NO,58.97,5.71
744,Tampere,FI,61.4981,23.7608
745,"Tel Aviv",IL,31.7798,35.2217
746,Sanliurfa,TR,37.1583,38.7917
747,"Vina del Mar",CL,-33.0333,-71.5333
748,Teresina,BR,-5.0896,-42.8096
749,Tucson,US,32.2217,-110.926
750,Uberlandia,BR,-18.9188,-48.2768
751,Vienna,AT,48.2083,16.3731
752,Stockton,US,37.9577,-121.291
753,Valongo,PT,41.1833,-8.5
754,Sacramento,US,38.581,-121.494
755,Reykjanesbaer,IS,64.0011,-22.5519
756,Viseu,PT,40.6667,-7.91667
757,Springfield,US,37.2153,-93.2983
758,"Taoyuan District",TW,23.2388,120.834
759,Varberg,SE,57.1056,12.25
760,Valencia,ES,39.4667,-0.375
761,"Santiago de Compostela",ES,42.8833,-8.53333
762,"Sao Jose dos Campos",BR,-23.1806,-45.8907
763,Solna,SE,59.3667,18.0167
764,Wellington,NZ,-41.2889,174.777
765,"Sherwood Park",CA,53.5256,-113.297
766,"Santo Tirso",PT,41.35,-8.48333
767,"San Sebastian de La Gomera",ES,28.0922,-17.11
768,Trabzon,TR,41,39.7333
769,Surabaya,ID,-7.23333,112.733
770,Vigo,ES,42.2333,-8.71667
771,Vasteras,SE,59.6167,16.5333
772,Wolverhampton,GB,52.5842,-2.12528
773,Shibuya,JP,35.6698,139.702
774,Stykkisholmur,IS,65.075,-22.725
775,"Santa Maria",BR,-29.6861,-53.8069
776,"Silver Spring",US,38.9959,-77.0289
777,Trondheim,NO,63.44,10.4
778,Seattle,US,47.6038,-122.33
779,Terrassa,ES,41.5611,2.00806
780,"Tultitlan de Mariano escobedo",MX,19.645,-99.1694
781,Uppsala,SE,59.85,17.65
782,"Volta Redonda",BR,-22.5225,-44.104
783,Winnipeg,CA,49.8833,-97.1667
784,Toronto,CA,43.6529,-79.3849
785,"Vila do Conde",PT,41.35,-8.75
786,"Viana do Castelo",PT,41.7,-8.83333
787,"Vila Nova de Gaia",PT,41.1333,-8.61667
788,Wigan,GB,53.5447,-2.63167
789,Sintra,PT,38.7974,-9.39042
790,"Taboao da Serra",BR,-23.6122,-46.7791
791,Visby,SE,57.6333,18.2833
792,Utrera,ES,37.1825,-5.78175
793,Wiesbaden,DE,50.0821,8.24136
794,Verona,IT,45.4382,10.9937
795,Vestmannaeyjar,IS,63.4167,-20.2833
796,Surrey,CA,49.1851,-122.845
797,"Suginami ku",JP,35.6982,139.627
798,"South Yarra",AU,-37.84,144.989
799,Semarang,ID,-6.96667,110.417
800,"The Hague",NL,52.0842,4.3175
801,"St Helens",GB,53.4535,-2.7273
802,Southampton,GB,50.9069,-1.40472
803,Washington,US,47.5,-120.5
804,Sundbyberg,SE,59.3633,17.9656
805,Sydney,AU,-33.868,151.21
806,Angelholm,SE,56.2417,12.8667
807,Taichung,TW,24.15,120.667
808,Turin,IT,45.0667,7.7
809,Zonguldak,TR,41.45,31.7833
810,Sundsvall,SE,62.3908,17.3069
811,Vilnius,LT,54.6833,25.2833
812,"Tyreso Strand",SE,59.2333,18.2167
813,Zaragoza,ES,41.65,-0.88333
814,Valby,DK,55.6658,12.5136
815,Williamsport,US,41.2493,-77.0028
816,Taubate,BR,-23.0314,-45.5613
817,Torremolinos,ES,36.6245,-4.49963
818,"West end",AU,-27.4802,153.012
819,"Upplands Vasby",SE,59.5167,17.9167
820,Canakkale,TR,40.0647,26.5852
821,Sheffield,GB,53.3825,-1.47194
822,Vitoria,BR,-20.2997,-40.3016
823,York,GB,53.95,-1.08333
824,Lodz,PL,51.7595,19.4585
825,Victoria,CA,48.4283,-123.365
826,Wuppertal,DE,51.2667,7.18333
827,"Stockton on Tees",GB,54.55,-1.33333
828,Yalova,TR,40.6556,29.275
829,Vaxjo,SE,56.8833,14.7833
830,Zurich,CH,47.3786,8.54
831,"Woodford Green",GB,51.6048,0.02742
832,Taipei,TW,25.0333,121.633
833,"Round Rock",US,30.5082,-97.6789
834,Katowice,PL,50.2584,19.0275
835,Warsaw,PL,52.25,21
836,Łódź,PL,51.75,19.4667
837,Kraków,PL,50.0575,19.9802
838,Gdańsk,PL,54.3609,18.6583
839,Bytom,PL,50.348,18.9328
840,Wrocław,PL,51.1,17.0333
841,Poznań,PL,52.4167,16.9667
842,Gliwice,PL,50.2976,18.6766
843,Szczecin,PL,53.4395,14.5939
844,Bydgoszcz,PL,53.1271,18.02
845,Lublin,PL,51.25,22.5667
846,Gdynia,PL,54.5,18.55
847,Białystok,PL,53.1333,23.15
848,Rzeszów,PL,50.0372,22.0049
849,Kielce,PL,50.8737,20.6303
850,Olsztyn,PL,53.7799,20.4942
851,Opole,PL,50.6721,17.9253
852,Elbląg,PL,54.1522,19.4088
853,"Zielona Góra",PL,51.9393,15.5058
854,Koszalin,PL,54.1936,16.1849
855,"Twierdza Grudziadz",PL,53.5,18.75
856,Inowrocław,PL,52.7989,18.2639
857,Ełk,PL,53.8265,22.3654
858,"Nakło nad Notecią",PL,53.1419,17.603
859,"Ustrzyki Dolne",PL,49.4309,22.5848
860,"Sępólno Krajeńskie",PL,53.452,17.5398
861,Gorlice,PL,49.6581,21.1597
862,"Nowy Targ",PL,49.4776,20.0292
863,"Nowy Tomyśl",PL,52.3165,16.1336
864,Łask,PL,51.588,19.1251
865,Bolesławiec,PL,51.2642,15.5697
866,Olecko,PL,54.0364,22.5084
867,"Biała Podlaska",PL,52.0313,23.1214
868,Polkowice,PL,51.5062,16.0726
869,Nisko,PL,50.5185,22.1447
870,Brzozów,PL,49.6954,22.0202
871,"Ruda Śląska",PL,50.3079,18.8552
872,Bełchatów,PL,51.3665,19.3745
873,Brodnica,PL,53.25,19.4
874,Tychy,PL,50.1372,18.9664
875,Oborniki,PL,52.6474,16.8141
876,Choszczno,PL,53.1691,15.4205
877,Lesko,PL,49.4711,22.3298
878,Będzin,PL,50.3197,19.1452
879,Hrubieszów,PL,50.805,23.8925
880,Sztum,PL,53.9203,19.0311
881,Świętochłowice,PL,50.2925,18.9147
882,Strzelin,PL,50.784,17.0664
883,Zwoleń,PL,51.3559,21.5827
884,Głogów,PL,51.663,16.0757
885,"Grodzisk Mazowiecki",PL,52.1064,20.6231
886,Pruszków,PL,52.1626,20.8129
887,Radomsko,PL,51.0667,19.4544
888,Police,PL,53.5421,14.5552
889,Rypin,PL,53.0675,19.4157
890,"Ożarów Mazowiecki",PL,52.2333,20.85
891,"Wodzisław Śląski",PL,50.011,18.4551
892,Zabrze,PL,50.3064,18.7833
893,Pajęczno,PL,51.1445,18.9961
894,Sokółka,PL,53.4072,23.5023
895,Ostrzeszów,PL,51.4257,17.9301
896,Pszczyna,PL,49.9765,18.9473
897,Jarocin,PL,51.9708,17.4988
898,Lubań,PL,51.1201,15.2877
899,Lubaczów,PL,50.1597,23.1224
900,Bielsko-Biała,PL,49.8224,19.0469
901,"Kamień Pomorski",PL,53.9689,14.7728
902,Szydłowiec,PL,51.2249,20.8586
903,Żagań,PL,51.6158,15.3148
904,Cieszyn,PL,49.7463,18.6361
905,Jaworzno,PL,50.206,19.2701
906,"Lidzbark Warmiński",PL,54.1287,20.5781
907,Węgrów,PL,52.402,22.0167
908,Czarnków,PL,52.9021,16.5641
909,Wieruszów,PL,51.2982,18.1574
910,Kętrzyn,PL,54.0793,21.3706
911,"Stargard Szczeciński",PL,53.3418,15.0521
912,Wadowice,PL,49.8841,19.4915
913,Gniezno,PL,52.5394,17.6113
914,Słupca,PL,52.2904,17.8731
915,Opatów,PL,50.801,21.4234
916,Wejherowo,PL,54.6052,18.2355
917,Łęczna,PL,51.3046,22.8832
918,Białobrzegi,PL,51.6466,20.9503
919,Olkusz,PL,50.2792,19.5632
920,Zamość,PL,50.7247,23.2606
921,Lipno,PL,52.8452,19.1826
922,Łańcut,PL,50.0682,22.229
923,Parczew,PL,51.6429,22.9084
924,Limanowa,PL,49.7041,20.4224
925,"Tarnowskie Góry",PL,50.4485,18.8515
926,Kłobuck,PL,50.903,18.937
927,Pyrzyce,PL,53.1456,14.8929
928,Tuchola,PL,53.5867,17.8606
929,Starachowice,PL,51.0519,21.0883
930,Kartuzy,PL,54.3333,18.2
931,Lubartów,PL,51.4629,22.6078
932,Sanok,PL,49.559,22.203
933,"Wysokie Mazowieckie",PL,52.9171,22.5114
934,"Nowy Dwór Gdański",PL,54.2131,19.1177
935,"Nowy Dwór Mazowiecki",PL,52.4304,20.7159
936,Piła,PL,53.155,16.7461
937,"Nowe Miasto Lubawskie",PL,53.4227,19.5925
938,Żyrardów,PL,52.0554,20.4415
939,"Sucha Beskidzka",PL,49.7376,19.5871
940,Gostyń,PL,51.8825,17.0123
941,Chełm,PL,51.1358,23.4825
942,Sochaczew,PL,52.2333,20.25
943,Leżajsk,PL,50.2601,22.4212
944,Mogilno,PL,52.6605,17.9567
945,Sierpc,PL,52.8529,19.6689
946,Ryki,PL,51.624,21.9335
947,Racibórz,PL,50.0906,18.2075
948,Staszów,PL,50.5634,21.1687
949,Chełmno,PL,53.35,18.4333
950,"Dąbrowa Górnicza",PL,50.3262,19.2244
951,Garwolin,PL,51.8974,21.6144
952,Krasnystaw,PL,50.985,23.1727
953,Kozienice,PL,51.5836,21.5499
954,Mysłowice,PL,50.2362,19.1411
955,Zgorzelec,PL,51.1537,15.0088
956,Słupsk,PL,54.4678,17.0275
957,Turek,PL,52.0177,18.5056
958,Żnin,PL,52.8536,17.7167
959,Skierniewice,PL,51.9667,20.15
960,Sejny,PL,54.1075,23.3479
961,Pisz,PL,53.6274,21.8125
962,Wieluń,PL,51.221,18.5665
963,Świecie,PL,53.4095,18.4451
964,"Stalowa Wola",PL,50.5516,22.0511
965,Tczew,PL,54.0923,18.7947
966,"Radzyń Podlaski",PL,51.7833,22.6167
967,Świdnik,PL,51.2206,22.7003
968,Białogard,PL,54.0094,15.9866
969,Końskie,PL,51.1914,20.4082
970,Zgierz,PL,51.8447,19.4088
971,Krapkowice,PL,50.4747,17.9654
972,Legnica,PL,51.2101,16.1619
973,Legionowo,PL,52.4015,20.9266
974,Bartoszyce,PL,54.2507,20.8149
975,Chrzanów,PL,50.1395,19.4063
976,Słubice,PL,52.3553,14.5648
977,"Strzelce Krajeńskie",PL,52.8763,15.5326
978,Nidzica,PL,53.3609,20.4265
979,Głubczyce,PL,50.202,17.8294
980,Włoszczowa,PL,50.8526,19.9668
981,Skarżysko-Kamienna,PL,51.1172,20.8957
982,Kalisz,PL,51.7611,18.091
983,"Opole Lubelskie",PL,51.148,21.9699
984,Międzychód,PL,52.599,15.8907
985,Olesno,PL,50.877,18.4209
986,Działdowo,PL,53.2396,20.17
987,Mielec,PL,50.2862,21.4327
988,"Ostrów Mazowiecka",PL,52.8033,21.8955
989,Pułtusk,PL,52.7041,21.083
990,Kraśnik,PL,50.9228,22.2265
991,Miechów,PL,50.3565,20.0301
992,Konin,PL,52.2086,18.2541
993,Góra,PL,51.6684,16.538
994,Żory,PL,50.045,18.6943
995,Ciechanów,PL,52.8784,20.6188
996,Myślenice,PL,49.832,19.9441
997,Myślibórz,PL,52.9217,14.8633
998,Lubin,PL,51.4008,16.2034
999,Tarnobrzeg,PL,50.572,21.6848
1000,"Piotrków Trybunalski",PL,51.4104,19.695
1001,Gryfice,PL,53.9162,15.1982
1002,Gryfino,PL,53.2539,14.4901
1003,Dzierżoniów,PL,50.732,16.6487
1004,Grudziądz,PL,53.4833,18.7741
1005,Płock,PL,52.55,19.7
1006,Przasnysz,PL,53.0203,20.8824
1007,Goleniów,PL,53.5638,14.83
1008,"Ząbkowice Śląskie",PL,50.592,16.8184
1009,Włodawa,PL,51.55,23.55
1010,Opoczno,PL,51.3758,20.2867
1011,Rybnik,PL,50.0921,18.5475
1012,Jasło,PL,49.7437,21.4709
1013,Trzebnica,PL,51.3099,17.0628
1014,"Maków Mazowiecki",PL,52.8667,21.1
1015,Proszowice,PL,50.1922,20.291
1016,Chojnice,PL,53.6951,17.5661
1017,Przemyśl,PL,49.7825,22.7923
1018,Sieradz,PL,51.5953,18.7253
1019,Łobez,PL,53.6388,15.6223
1020,Mrągowo,PL,53.8667,21.3
1021,Lipsko,PL,51.1587,21.6487
1022,Świnoujście,PL,53.9091,14.24
1023,Nysa,PL,50.4723,17.3362
1024,Września,PL,52.3232,17.5699
1025,Sopot,PL,54.4347,18.5708
1026,Kwidzyn,PL,53.7249,18.9311
1027,Ostrołęka,PL,53.0862,21.5757
1028,Brzeg,PL,50.8575,17.4698
1029,"Środa Wielkopolska",PL,52.2276,17.2799
1030,"Środa Śląska",PL,51.1646,16.594
1031,Lębork,PL,54.5392,17.7501
1032,Giżycko,PL,54.0381,21.7644
1033,"Sokołów Podlaski",PL,52.4075,22.2519
1034,Zakopane,PL,49.2962,19.9568
1035,Żuromin,PL,53.0672,19.9114
1036,Łęczyca,PL,52.0594,19.2018
1037,Myszków,PL,50.5752,19.3246
1038,Kluczbork,PL,50.9743,18.2138
1039,Kolbuszowa,PL,50.2415,21.7699
1040,"Starogard Gdański",PL,53.9689,18.5354
1041,Hajnówka,PL,52.7433,23.5812
1042,Bytów,PL,54.1764,17.4876
1043,Otwock,PL,52.1189,21.308
1044,Dębica,PL,50.0524,21.4148
1045,Włocławek,PL,52.6514,19.0728
1046,Malbork,PL,54.036,19.0345
1047,Przeworsk,PL,50.0591,22.4949
1048,Wołów,PL,51.339,16.6468
1049,Kościerzyna,PL,54.1248,17.9721
1050,"Jelenia Góra",PL,50.8983,15.7299
1051,Ropczyce,PL,50.0526,21.6091
1052,Wschowa,PL,51.8054,16.3174
1053,Międzyrzecz,PL,52.4479,15.5817
1054,"Kazimierza Wielka",PL,50.2654,20.4931
1055,Krotoszyn,PL,51.6987,17.4374
1056,Częstochowa,PL,50.7965,19.1241
1057,Gostynin,PL,52.4294,19.4663
1058,"Rawa Mazowiecka",PL,51.7644,20.2549
1059,"Ostrów Wielkopolski",PL,51.6498,17.8089
1060,Grójec,PL,51.8625,20.8676
1061,Łowicz,PL,52.1137,19.9487
1062,Świdwin,PL,53.7763,15.7755
1063,Bieruń,PL,50.0911,19.091
1064,Siedlce,PL,52.1682,22.2773
1065,Łomża,PL,53.1736,22.0654
1066,Busko-Zdrój,PL,50.4667,20.7167
1067,Jastrzębie-Zdrój,PL,49.9336,18.6014
1068,Golub-Dobrzyń,PL,53.1094,19.0542
1069,Zambrów,PL,52.9856,22.2422
1070,Brzesko,PL,49.97,20.6077
1071,Wągrowiec,PL,52.8117,17.2074
1072,"Tomaszów Lubelski",PL,50.4532,23.4142
1073,"Tomaszów Mazowiecki",PL,51.5386,20.0176
1074,Suwałki,PL,54.0994,22.9331
1075,Rawicz,PL,51.6113,16.8612
1076,Chorzów,PL,50.3058,18.9742
1077,Wolsztyn,PL,52.1127,16.1236
1078,"Pruszcz Gdański",PL,54.2612,18.6481
1079,Szczecinek,PL,53.7079,16.6994
1080,Grajewo,PL,53.6481,22.4597
1081,"Zduńska Wola",PL,51.5974,18.9313
1082,Wałbrzych,PL,50.7714,16.2843
1083,Płońsk,PL,52.6222,20.3753
1084,"Bielsk Podlaski",PL,52.77,23.1909
1085,Zawiercie,PL,50.4882,19.4318
1086,Sulęcin,PL,52.4436,15.1183
1087,Augustów,PL,53.8447,22.9801
1088,Wołomin,PL,52.3468,21.2392
1089,Radziejów,PL,52.6227,18.5284
1090,Jawor,PL,51.0513,16.1935
1091,Biłgoraj,PL,50.5358,22.7276
1092,Piaseczno,PL,52.0703,21.0272
1093,"Gorzów Wielkopolski",PL,52.7368,15.2288
1094,Puck,PL,54.7185,18.4109
1095,Mikołów,PL,50.171,18.9041
1096,Sosnowiec,PL,50.2722,19.155
1097,Tarnów,PL,50.0061,20.9553
1098,Gołdap,PL,54.3091,22.3039
1099,Węgorzewo,PL,54.2157,21.7372
1100,"Kamienna Góra",PL,50.7831,16.0304
1101,Wieliczka,PL,49.9841,20.0622
1102,Mława,PL,53.1167,20.3833
1103,Namysłów,PL,51.075,17.7143
1104,"Siemianowice Śląskie",PL,50.3041,19.0358
1105,Siemiatycze,PL,52.4272,22.8623
1106,"Nowa Sól",PL,51.8039,15.716
1107,Milicz,PL,51.5264,17.2769
1108,"Piekary Śląskie",PL,50.3847,18.9442
1109,Jędrzejów,PL,50.64,20.3059
1110,Radom,PL,51.401,21.1581
1111,Kępno,PL,51.2784,17.9858
1112,Kędzierzyn-Koźle,PL,50.35,18.2
1113,Pińczów,PL,50.521,20.5267
1114,Bochnia,PL,49.9721,20.4268
1115,Oława,PL,50.9421,17.2996
1116,"Ostrowiec Świętokrzyski",PL,50.9399,21.3879
1117,Kościan,PL,52.0883,16.6487
1118,Kołobrzeg,PL,54.1751,15.5914
1119,Leszno,PL,51.8483,16.5702
1120,Brzeziny,PL,51.8005,19.7499
1121,Prudnik,PL,50.3232,17.5762
1122,Chodzież,PL,52.9931,16.914
1123,Oświęcim,PL,50.0368,19.2308
1124,Żywiec,PL,49.6867,19.1942
1125,"Aleksandrów Kujawski",PL,52.8776,18.7032
1126,"Dąbrowa Tarnowska",PL,50.1749,20.9908
1127,"Mińsk Mazowiecki",PL,52.1819,21.566
1128,Puławy,PL,51.4167,21.9667
1129,Oleśnica,PL,51.2077,17.3865
1130,Ostróda,PL,53.6996,19.963
1131,Poddębice,PL,51.8931,18.9564
1132,Sławno,PL,54.3615,16.678
1133,Wąbrzeźno,PL,53.2802,18.9483
1134,Jarosław,PL,50.0164,22.6778
1135,Lubliniec,PL,50.6723,18.6867
1136,Łuków,PL,51.929,22.3796
1137,"Nowy Sącz",PL,49.6218,20.6971
1138,"Krosno Odrzańskie",PL,52.0529,15.101
1139,Pleszew,PL,51.8954,17.7829
1140,Toruń,PL,53.0358,18.6048
1141,Strzyżów,PL,49.8727,21.797
1142,Wyszków,PL,52.5964,21.4575
1143,Szamotuły,PL,52.6127,16.5819
1144,Wałcz,PL,53.2779,16.4712
1145,Świdnica,PL,50.8417,16.4791
1146,"Grodzisk Wielkopolski",PL,52.2276,16.3653
1147,"Strzelce Opolskie",PL,50.5134,18.3054
1148,Kolno,PL,53.4093,21.9327
1149,Koło,PL,52.2072,18.632
1150,Iława,PL,53.5868,19.561
1151,Szczytno,PL,53.5626,20.9875
1152,Mońki,PL,53.405,22.7979
1153,Człuchów,PL,53.6726,17.3612
1154,Świedbodzin,PL,52.2476,15.5328
1155,Śrem,PL,52.0887,17.0173
1156,Złotoryja,PL,51.1236,15.9158
1157,Sandomierz,PL,50.6858,21.7389
1158,Złotów,PL,53.3617,17.0452
1159,"Lwówek Śląski",PL,51.109,15.5827
1160,Kutno,PL,52.229,19.3617
1161,Braniewo,PL,54.3797,19.82
1162,Łosice,PL,52.2116,22.7141
1163,Krosno,PL,49.6887,21.7706
1164,Pabianice,PL,51.6553,19.3456
1165,Kłodzko,PL,50.4364,16.6536
1166,Przysucha,PL,51.3595,20.6262
1167,"Janów Lubelski",PL,50.7067,22.4125
1168,Żary,PL,51.6382,15.1417
1169,"Drawsko Pomorskie",PL,53.5298,15.8099
